easyjet,positive,1.00E+17,Tue Oct 18 21:02:20 +0000 2011,easyjet is biggest airlines
easyjet,positive,1.00E+17,Tue Oct 18 20:40:10 +0000 2011,Thank you for email
easyjet,negative,1.00E+17,Tue Oct 18 19:30:39 +0000 2011,shame you will not let me cancel my flight
easyjet,negative,1.00E+17,Tue Oct 18 19:07:11 +0000 2011,how come three weeks delay
easyjet,negative,1.00E+17,Tue Oct 18 18:37:41 +0000 2011,I am sorry that you have problem
easyjet,positive,1.00E+17,Tue Oct 18 18:14:01 +0000 2011,Happy weekend!
easyjet,positive,1.00E+17,Tue Oct 18 17:01:58 +0000 2011,went home early
easyjet,positive,1.00E+17,Tue Oct 18 15:56:32 +0000 2011,Have a lovely flight
easyjet,positive,1.00E+17,Tue Oct 18 15:50:05 +0000 2011,Enjoyed making cake
easyjet,positive,1.00E+17,Tue Oct 18 15:41:41 +0000 2011,Tavel cabin crew was luckey
easyjet,positive,1.00E+17,Tue Oct 18 15:25:35 +0000 2011,Fabulous news for easyJet flyers
easyjet,negative,1.00E+17,Tue Oct 18 15:14:30 +0000 2011, I am sorry to hear that.
easyjet,positive,1.00E+17,Tue Oct 18 15:01:37 +0000 2011, Thanks for all your hard work
easyjet,positive,1.00E+17,Tue Oct 18 14:21:47 +0000 2011,The best Black Friday flight deals and airline sales
easyjet,positive,1.00E+17,Tue Oct 18 13:24:57 +0000 2011, Managed to get it back  thanks so much!!!!! 
easyjet,negative,1.00E+17,Tue Oct 18 06:18:01 +0000 2011, shame on you
easyjet,negative,1.00E+17,Tue Oct 18 03:41:23 +0000 2011,flight has been rescheduled 
easyjet,negative,1.00E+17,Tue Oct 18 02:05:18 +0000 2011,Emergency diverting
easyjet,positive,1.00E+17,Tue Oct 18 01:50:17 +0000 2011,Ryanair easyjet and Norwegian airlines are the best flights
easyjet,negative,1.00E+17,Tue Oct 18 01:30:56 +0000 2011,Flight from Alicante to London was delayed due to a technical issue
easyjet,negative,1.00E+17,Mon Oct 17 23:24:52 +0000 2011, We were having a few issues with the website
easyjet,negative,1.00E+17,Mon Oct 17 22:38:18 +0000 2011,Easyjet flight has declared an emergency
easyjet,negative,1.00E+17,Mon Oct 17 21:37:21 +0000 2011, the problem i am having is when i try to add the hold luggage when booking it adds it for all passengers
easyjet,positive,1.00E+17,Mon Oct 17 20:39:00 +0000 2011,You can add the luggage when your making the booking there will be an option on the website
easyjet,negative,1.00E+17,Mon Oct 17 20:08:14 +0000 2011,We can only take a certain amount of bags on-board
easyjet,positive,1.00E+17,Mon Oct 17 19:38:59 +0000 2011, Very helpful. Thanks.
easyjet,positive,1.00E+17,Mon Oct 17 19:00:39 +0000 2011,Seems to have worked  thanks for the reply!
easyjet,negative,1.00E+17,Mon Oct 17 18:20:38 +0000 2011,easyJet need to stop sending me emails about discounted flights 
easyjet,negative,1.00E+17,Sun Oct 16 13:23:10 +0000 2011,I am sorry to hear you have been delayed.
easyjet,positive,1.00E+17,Sun Oct 16 12:34:19 +0000 2011,I want to upgrade my seats - I have already checked in online ?
easyjet,negative,1.00E+17,Sun Oct 16 12:23:02 +0000 2011, why are you incapable of ever taking off on time from Geneva. #late every time #100 fail
easyjet,positive,1.00E+17,Sun Oct 16 11:53:12 +0000 2011,Had an amazing time and can not wait to return
easyjet,negative,1.00E+17,Sun Oct 16 11:46:04 +0000 2011,when I try to enter my passport information on my booking it just logs me out?
easyjet,positive,1.00E+17,Sun Oct 16 11:44:25 +0000 2011,Lovely smooth flight back from Paris tonight with my old colleagues. Even got to experience a go around down
easyjet,negative,1.00E+17,Sun Oct 16 09:21:22 +0000 2011,How do I cancel a booking?
easyjet,negative,1.00E+17,Sun Oct 16 06:33:31 +0000 2011,Still no reply from @easyJet on why they use the EU flag instead of a national flag on their airline registration?
easyjet,negative,1.00E+17,Sun Oct 16 04:10:17 +0000 2011,Easyjet profits down 30% after #Brexit hit pound
easyjet,negative,1.00E+17,Sun Oct 16 03:44:48 +0000 2011,easyJet flight Delayed for 50 minutes
easyjet,positive,1.00E+17,Sun Oct 16 02:13:10 +0000 2011,Aww lovely! Tell him good luck
easyjet,positive,1.00E+17,Sat Oct 15 23:46:06 +0000 2011,The flight was brilliant on time and smooth all the way.
easyjet,positive,1.00E+17,Sat Oct 15 22:52:56 +0000 2011,Glad to hear it I hope he had a good flight! 
easyjet,negative,1.00E+17,Sat Oct 15 22:32:14 +0000 2011,2:30 hours delay still no food voucher massive queue at only open bar #shocking
easyjet,negative,1.00E+17,Sat Oct 15 22:13:53 +0000 2011,Nothing is quick when it comes to @easyJet
easyjet,negative,1.00E+17,Sat Oct 15 20:52:23 +0000 2011, They have a reputation for terrible customer service and lying to their customers
easyjet,negative,1.00E+17,Sat Oct 15 18:40:51 +0000 2011,price dropped ridiculously
easyjet,negative,1.00E+17,Sat Oct 15 17:06:45 +0000 2011, There was a medical emergency with one of our passengers
easyjet,negative,1.00E+17,Tue Oct 18 21:26:36 +0000 2011,Yet another delay and poor service from easyjet
easyjet,positive,1.00E+17,Tue Oct 18 21:23:22 +0000 2011,Amazing service from the @easyJet staff today on our flight
easyjet,positive,1.00E+17,Tue Oct 18 21:11:24 +0000 2011, cheers for selling the flight I have had booked since august.
easyjet,negative,1.00E+17,Tue Oct 18 20:03:47 +0000 2011,easyJet more than a month passed with no response to my claim and I have sent a direct message.
easyjet,negative,1.00E+17,Tue Oct 18 19:43:40 +0000 2011,have no holidays to go anywhere - how very sad
easyjet,positive,1.00E+17,Tue Oct 18 19:37:56 +0000 2011,easyJet still the biggest riser
easyjet,negative,1.00E+17,Tue Oct 18 18:05:34 +0000 2011,please issue an urgent press release forbidding your members from flying easyJet. Oh wait 
easyjet,negative,1.00E+17,Tue Oct 18 18:02:49 +0000 2011,easyJet AND THEN THERE WAS A GATE CHANGE
easyjet,positive,1.00E+17,Tue Oct 18 18:01:25 +0000 2011,Easyjet news: FEMALE pilots have more than DOUBLED on the airline 
easyjet,positive,1.00E+17,Tue Oct 18 17:25:25 +0000 2011, I have flown easyJet for years and never had a delay even in the peak of summer!
easyjet,positive,1.00E+17,Tue Oct 18 17:08:35 +0000 2011,speedy boarding really IS speedy
easyjet,negative,1.00E+17,Tue Oct 18 17:05:44 +0000 2011, It is a shame that EasyJet are unable to take responsibility for their own mistake
easyjet,negative,1.00E+17,Tue Oct 18 16:18:30 +0000 2011,I am struggling
easyjet,positive,1.00E+17,Tue Oct 18 16:04:31 +0000 2011, flight was exceptional 
easyjet,negative,1.00E+17,Tue Oct 18 15:50:56 +0000 2011, do not fly... with easyjet
easyjet,negative,1.00E+17,Tue Oct 18 15:33:37 +0000 2011,Next week I hope the pilots crew will arrive at the Gate before passangers to start the flight check.
easyjet,negative,1.00E+17,Tue Oct 18 14:23:30 +0000 2011,Can not remember the last time I flew @easyJet without delays.
easyjet,negative,1.00E+17,Tue Oct 18 14:03:23 +0000 2011,I am sorry your flight was delayed.
easyjet,negative,1.00E+17,Tue Oct 18 12:58:35 +0000 2011,I completely understand why you would be frustrated. Unfortunately we are unable to look into
easyjet,negative,1.00E+17,Tue Oct 18 12:56:45 +0000 2011,I have now open my suitcase and realize that your staff have open my suitcase and broken the cigarette car
easyjet,negative,1.00E+17,Tue Oct 18 12:53:47 +0000 2011,I get my suitcase back and find that the lock was broken into
easyjet,positive,1.00E+17,Tue Oct 18 10:30:14 +0000 2011, It was a pleasant flight! Surprised that it was not as dramatic as I was expecting!
easyjet,positive,1.00E+17,Tue Oct 18 10:18:00 +0000 2011,Credit where credit is due. Thank you @easyJet for getting me home last night 30 min early
easyjet,negative,1.00E+17,Tue Oct 18 10:08:32 +0000 2011,It is not normal for me to be disappointed by an easyJet flight but last night was poor
easyjet,positive,1.00E+17,Tue Oct 18 04:20:17 +0000 2011,Flew @easyJet on Saturday and have to say a much more comfortable flight.
easyjet,negative,1.00E+17,Tue Oct 18 02:56:50 +0000 2011,Ok easyJet you are driving me crazy. First of all I and many others have not been informed of anything through email
easyjet,negative,1.00E+17,Tue Oct 18 02:52:56 +0000 2011,I am deeply disappointed in @easyJet treatment
easyjet,positive,1.00E+17,Tue Oct 18 02:48:25 +0000 2011,Thanks for the speedy reply!
easyjet,negative,1.00E+17,Tue Oct 18 02:11:42 +0000 2011,easyJet suspends flights over safety concerns
easyjet,negative,1.00E+17,Tue Oct 18 01:26:57 +0000 2011,Shock still no reply from @easyJet !!!
easyjet,negative,1.00E+17,Tue Oct 18 00:58:23 +0000 2011,Just when you thought the customer service could not get any worse...
easyjet,positive,1.00E+17,Tue Oct 18 00:36:13 +0000 2011, I do not see an issue with this but please take a look at the link for battery restrictions
easyjet,positive,1.00E+17,Tue Oct 18 00:13:12 +0000 2011,This is great news. Hiring more women is wonderful!
easyjet,negative,1.00E+17,Mon Oct 17 22:55:46 +0000 2011,they would not accept the prepaid cards on flights as it is just cash and credit or debit cards
easyjet,positive,1.00E+17,Mon Oct 17 20:52:15 +0000 2011,Haha lets hope you do not have to pay extra for it 
easyjet,negative,1.00E+17,Mon Oct 17 20:39:02 +0000 2011,easyJet does your aircrafts come with the new (thin) seats?
easyjet,negative,1.00E+17,Mon Oct 17 19:21:31 +0000 2011,I am sorry to hear you feel this way. Can we help?
easyjet,positive,1.00E+17,Mon Oct 17 18:57:20 +0000 2011, Enjoy your flight !!
easyjet,negative,1.00E+17,Mon Oct 17 18:49:36 +0000 2011,Does easyJet have the worst online chat facility? It is a joke
easyjet,negative,1.00E+17,Mon Oct 17 18:37:41 +0000 2011,two flights over the weekend and two delays.... slowjet!!
easyjet,positive,1.00E+17,Tue Oct 18 21:49:37 +0000 2011,Impressive from easyJet this is a about as good as it gets for a Privacy Policy
easyjet,positive,1.00E+17,Tue Oct 18 21:31:03 +0000 2011,Great AirlinerWorld article about the success of easyJet
easyjet,positive,1.00E+17,Tue Oct 18 21:21:52 +0000 2011,excellent service
easyjet,positive,1.00E+17,Tue Oct 18 20:53:20 +0000 2011,amazing job your staff did tonight on our flight
easyjet,negative,1.00E+17,Tue Oct 18 20:01:33 +0000 2011,easyJet flight delayed by nearly an hour so missed connecting train to Disney. Expensive taxi ride
easyjet,negative,1.00E+17,Tue Oct 18 19:49:53 +0000 2011,Disruptive easyJet passenger is escorted off flight
easyjet,negative,1.00E+17,Tue Oct 18 19:10:35 +0000 2011,No sandwiches at all on Edinburgh flight tonight @easyJet Not good enough
easyjet,negative,1.00E+17,Tue Oct 18 18:46:55 +0000 2011,made a complaint about 3 months ago. Heard nothing back.
easyjet,negative,1.00E+17,Tue Oct 18 18:45:21 +0000 2011,Easyjet was a complete joke today
easyjet,positive,1.00E+17,Tue Oct 18 18:02:36 +0000 2011,easyJet Vpn's are brilliant
easyjet,negative,1.00E+17,Tue Oct 18 17:39:20 +0000 2011,We are sorry you are delayed
easyjet,negative,1.00E+17,Tue Oct 18 17:24:19 +0000 2011,It is no good easyJet yet again my flight is late
easyjet,negative,1.00E+17,Tue Oct 18 16:40:31 +0000 2011,My wife emailed you about our claim over a month ago about Cancelled flights and no response again! Awful customer service
easyjet,positive,1.00E+17,Tue Oct 18 16:17:06 +0000 2011,Thanks anyway!
easyjet,negative,1.00E+17,Tue Oct 18 16:09:41 +0000 2011,Toffs reaction to the snakes was the same as everyone that flys with easyjet
easyjet,negative,1.00E+17,Tue Oct 18 15:47:32 +0000 2011, No not to the best of my knowledge. Sorry.
easyjet,positive,1.00E+17,Tue Oct 18 15:19:57 +0000 2011,You have the best baggage handling team
easyjet,negative,1.00E+17,Tue Oct 18 15:18:18 +0000 2011,a delayed flight ONCE AGAIN we have missed our shuttle to the hotel stranded with a small child  at the airport
easyjet,negative,1.00E+17,Tue Oct 18 14:53:31 +0000 2011,girlfriends bag went missing for 3 days but told can not claim her expenses as was traveling home.
easyjet,positive,1.00E+17,Tue Oct 18 14:48:01 +0000 2011,Easyjet were kind enough to let us sit down
easyjet,negative,1.00E+17,Tue Oct 18 14:25:37 +0000 2011,Looks like your website is down. Can not access from various browsers / connections.
easyjet,negative,1.00E+17,Tue Oct 18 14:21:55 +0000 2011,The seats have less leg space than economy class in easyJet
easyjet,positive,1.00E+17,Tue Oct 18 19:28:18 +0000 2011,That is why we love easy jet
easyjet,positive,1.00E+17,Tue Oct 18 19:05:12 +0000 2011,At easyJet we do not discriminate against any individual gender passengers or staff members
easyjet,positive,1.00E+17,Tue Oct 18 18:43:08 +0000 2011, nice idea indeed
easyjet,negative,1.00E+17,Tue Oct 18 18:14:50 +0000 2011, This is not the case with your competition. Sorry but I will no longer fly with you. It is gender discrimination
easyjet,positive,1.00E+17,Tue Oct 18 14:56:40 +0000 2011, you are entitled to claim up to 600 euros and we will be happy
easyjet,negative,1.00E+17,Tue Oct 18 12:22:21 +0000 2011,Absolutely shocking customer service from @easyJet who is training your staff? Lied to customers got caught out
easyjet,negative,1.00E+17,Tue Oct 18 11:51:06 +0000 2011, sat on a plane for an hour after an 9 hour delay
easyjet,positive,1.00E+17,Tue Oct 18 11:36:17 +0000 2011,Never had any issues with Ryanair or easyJet to be fair.
easyjet,negative,1.00E+17,Tue Oct 18 08:40:08 +0000 2011,There are occasions when flights may be cancelled at short notice it would just depend on how bad
easyjet,negative,1.00E+17,Tue Oct 18 04:14:46 +0000 2011,my easyjet application is fucked and it will not recognise my card to change my flight
easyjet,negative,1.00E+17,Mon Oct 17 21:58:46 +0000 2011,Unfortunately we do not fly this route
easyjet,negative,1.00E+17,Mon Oct 17 19:53:09 +0000 2011,item of mine that was damaged on one of your flights yesterday please.
easyjet,negative,1.00E+17,Mon Oct 17 18:27:25 +0000 2011,I now have 6 @easyJet plane models! sadly one of them got an engine failure
easyjet,negative,1.00E+17,Mon Oct 17 18:25:26 +0000 2011, Very inconsistent policy on 1 piece of luggage.
easyjet,negative,1.00E+17,Mon Oct 17 18:15:57 +0000 2011,ryanair absolute disgrace. Deliberately sitting people as far apart as you can unless they pay the Ï6 seating fee
easyjet,negative,1.00E+17,Mon Oct 17 17:48:41 +0000 2011,you are refusing to compensate canceled flights this is against european rights for air passengers
easyjet,positive,1.00E+17,Mon Oct 17 16:24:32 +0000 2011,Well done easyJet
easyjet,positive,1.00E+17,Mon Oct 17 16:12:03 +0000 2011,Actually Easyjet will be alright. 
easyjet,negative,1.00E+17,Mon Oct 17 16:04:19 +0000 2011,EasyJet passenger suspected of sneaking bottle of liquor onto flight
easyjet,negative,1.00E+17,Mon Oct 17 15:41:47 +0000 2011,every time i think easyjet service has hit rock bottom they contrive to be worse
easyjet,positive,1.00E+17,Mon Oct 17 15:40:55 +0000 2011,A little Christmas gift from easyJet!
easyjet,negative,1.00E+17,Mon Oct 17 15:34:00 +0000 2011,Hard brexit would be a 'disaster' for UK-based airlines
easyjet,negative,1.00E+17,Mon Oct 17 12:26:26 +0000 2011, Man sneaks onto easyJet plane at Gatwick and hides in the toilet after missing his earlier flight to Geneva
easyjet,positive,1.00E+17,Mon Oct 17 08:54:09 +0000 2011,How can check in easyJet be such a pleasant experience and #easyjet be such a shambles
easyjet,positive,1.00E+17,Mon Oct 17 06:57:05 +0000 2011,This seems to be alright now
easyjet,positive,1.00E+17,Mon Oct 17 06:53:01 +0000 2011, This should be alright now
easyjet,positive,1.00E+17,Mon Oct 17 06:08:03 +0000 2011,Beautiful Landing at Palma
easyjet,negative,1.00E+17,Sun Oct 16 22:58:04 +0000 2011,I am confused about your ad 
easyjet,positive,1.00E+17,Sun Oct 16 13:45:31 +0000 2011,Appreciate the retweet thank you so much!
easyjet,positive,1.00E+17,Sun Oct 16 12:05:50 +0000 2011,Fancy having a plane or two easyJet to fly us
easyjet,negative,1.00E+17,Sun Oct 16 08:18:13 +0000 2011,Madness
easyjet,negative,1.00E+17,Wed Oct 19 05:43:56 +0000 2011,Ridiculous. I am flying from Newcastle to Bristol on the 23 December 
easyjet,positive,1.00E+17,Wed Oct 19 05:42:06 +0000 2011,Thanks for your great feedback!  I will pass your feedback on to our cabin crew for recognition.
easyjet,positive,1.00E+17,Wed Oct 19 05:40:56 +0000 2011,I am really glad to see you got your case back!
easyjet,negative,1.00E+17,Wed Oct 19 05:12:56 +0000 2011,because of your #Worst Customer Service  non-responsiveness I will lose my business credit card
easyjet,positive,1.00E+17,Wed Oct 19 05:05:18 +0000 2011,We have had an amazing time
easyjet,positive,1.00E+17,Wed Oct 19 05:02:13 +0000 2011,Great thank you!
easyjet,positive,1.00E+17,Wed Oct 19 05:00:06 +0000 2011,Omg good luck
easyjet,negative,1.00E+17,Wed Oct 19 04:57:12 +0000 2011,In most cases you should be able to cancel online I am not sure why you are unable to in this case
easyjet,negative,1.00E+17,Wed Oct 19 04:53:19 +0000 2011,Oh thats a shame - I saw that conversation you had with someone about the flight
easyjet,positive,1.00E+17,Wed Oct 19 04:46:10 +0000 2011,easyJet puts first flights on sale from Berlin Tegel
easyjet,positive,1.00E+17,Wed Oct 19 04:45:33 +0000 2011,Flying with our good friends
easyjet,positive,1.00E+17,Wed Oct 19 04:35:25 +0000 2011,So proud of my team-mate for this awesome sponsorship with @easyJet! Great job
easyjet,positive,1.00E+17,Wed Oct 19 04:22:52 +0000 2011,Yes you can. You will be able to find a list of our fees and charges here Thanks
easyjet,negative,1.00E+17,Wed Oct 19 04:14:09 +0000 2011,Now stuck on bendy busses waiting for staff to let us off! You can not make it up  @easyJet #sortitout!!!!!
easyjet,positive,1.00E+17,Wed Oct 19 05:41:39 +0000 2011,You are able to cancel your booking by logging on to manage bookings since it has been less than 24 hours
easyjet,positive,1.00E+17,Wed Oct 19 05:16:41 +0000 2011, Been looking at your previous tweets looks like you went with TUI? The flight sounded really fun! I wonder
easyjet,negative,1.00E+17,Wed Oct 19 05:14:38 +0000 2011, I just lost my outbound flight 
easyjet,positive,1.00E+17,Wed Oct 19 04:49:33 +0000 2011, This headline  is great.
easyjet,positive,1.00E+17,Wed Oct 19 04:38:43 +0000 2011,I would recommend contacting the airport for this. Thanks
easyjet,positive,1.00E+17,Wed Oct 19 04:34:36 +0000 2011,Haha! The magazines are just as good. @easyJet offer free sick bags too I believe.
easyjet,positive,1.00E+17,Wed Oct 19 03:06:30 +0000 2011,Well  That is my favourite.
easyjet,positive,1.00E+17,Wed Oct 19 03:06:06 +0000 2011,You can find a list of our fees and charges here
easyjet,positive,1.00E+17,Wed Oct 19 03:04:32 +0000 2011,EasyJet launches dozens of new flights in Germany
easyjet,negative,1.00E+17,Wed Oct 19 02:59:54 +0000 2011,Sorry as you have checked-in already you are not able to add seats on manage bookings.
easyjet,positive,1.00E+17,Wed Oct 19 02:57:55 +0000 2011,easyJet is a 2018 Best Place to Work for another year according to employees!
easyjet,negative,1.00E+17,Wed Oct 19 02:56:04 +0000 2011, Good evening I have been having problems adding hold luggage to my booking
easyjet,negative,1.00E+17,Wed Oct 19 02:48:45 +0000 2011,I am afraid it would not be possible to use a Young Scot card for this.
easyjet,negative,1.00E+17,Wed Oct 19 02:43:51 +0000 2011, also Geneva staff too few and not helpful
easyjet,negative,1.00E+17,Wed Oct 19 02:39:29 +0000 2011,you should ashamed of the way you operate in Geneva. Training new people and customers
easyjet,positive,1.00E+17,Wed Oct 19 02:35:43 +0000 2011,Great news! #Flights from #London to #Volos start in summer 2018
easyjet,positive,1.00E+17,Wed Oct 19 02:35:38 +0000 2011,Welcome aboard easyJet!
easyjet,positive,1.00E+17,Wed Oct 19 05:48:08 +0000 2011,Welcoming the new and more sustainable! Today the first Boeing and Easyjet edition arrived at Schiphol
easyjet,positive,1.00E+17,Wed Oct 19 05:47:29 +0000 2011,Thank you for he prompt reply!
easyjet,positive,1.00E+17,Wed Oct 19 05:44:10 +0000 2011,EasyJet to begin Germany flights in January
easyjet,positive,1.00E+17,Wed Oct 19 05:43:37 +0000 2011,Easyjet to enter German domestic market next month -- this could help keep prices lower across the board
easyjet,positive,1.00E+17,Wed Oct 19 05:42:49 +0000 2011,I have always loved easyJet's reactive marketing strategies
easyjet,positive,1.00E+17,Wed Oct 19 05:42:47 +0000 2011,Thanks.
easyjet,positive,1.00E+17,Wed Oct 19 05:42:07 +0000 2011, Not really their problem though to be fair.
easyjet,positive,1.00E+17,Wed Oct 19 05:42:03 +0000 2011, That would be too simple.
easyjet,positive,1.00E+17,Wed Oct 19 05:41:48 +0000 2011,easyJet offers instant customer sat poll after airport security
easyjet,positive,1.00E+17,Wed Oct 19 05:39:04 +0000 2011,EasyJet puts almost one million Berlin seats on sale
easyjet,negative,1.00E+17,Wed Oct 19 05:38:10 +0000 2011,When the flight attendant spots your tiny handbag and reminds you that you are only allowed one piece of hand luggage
easyjet,positive,1.00E+17,Wed Oct 19 05:37:20 +0000 2011,EasyJet Plans to Fly Electric Planes Within 10 Years
easyjet,negative,1.00E+17,Wed Oct 19 05:36:36 +0000 2011,That is awful. Sorry no advice.
easyjet,negative,1.00E+17,Wed Oct 19 05:36:28 +0000 2011,So when travelling on planes so often so much time is wasted. 
easyjet,negative,1.00E+17,Wed Oct 19 05:35:09 +0000 2011,Sorry to hear this the airline should be keeping you updated during a delay
easyjet,positive,1.00E+17,Wed Oct 19 05:34:41 +0000 2011,Just flown on @easyJet for the first time and it was miles better than the last few BA flights
easyjet,negative,1.00E+17,Wed Oct 19 05:34:09 +0000 2011,another treat of a delay no information staff who struggle to convey information over the tannoy system!!
easyjet,positive,1.00E+17,Wed Oct 19 05:34:08 +0000 2011,Kontron Selected by easyJet to Provide System Hardware for its Wireless In-Flight Entertainment Service
easyjet,negative,1.00E+17,Wed Oct 19 05:33:03 +0000 2011,I am currently in a complaints procedure but have not heard anything back.
easyjet,positive,1.00E+17,Wed Oct 19 05:33:02 +0000 2011,easyjet will become a new Lufthansa competitor. From January 2018
easyjet,negative,1.00E+17,Wed Oct 19 05:31:07 +0000 2011,refusing our refund for the hotel we had to arrange ourselves and food expenses after being stranded
easyjet,positive,1.00E+17,Wed Oct 19 05:31:00 +0000 2011,Thank you I will definitely be looking further into this.
easyjet,negative,1.00E+17,Wed Oct 19 05:30:09 +0000 2011,The flight was exactly 4 hours delayed. I sent in a claim
easyjet,positive,1.00E+17,Wed Oct 19 05:30:04 +0000 2011,EasyJet passenger holding a baby by Nice airport worker during flight delay
easyjet,negative,1.00E+17,Wed Oct 19 05:27:17 +0000 2011,Yes maybe we were just unlucky with who informed us
easyjet,positive,1.00E+17,Wed Oct 19 05:24:52 +0000 2011, I have checked the booking. It does not look like there was an issue as the majority of passengers
easyjet,positive,1.00E+17,Wed Oct 19 05:48:04 +0000 2011,You were better with Easyjet :-))
easyjet,positive,1.00E+17,Wed Oct 19 05:47:32 +0000 2011,i am really glad that you had a great flight
easyjet,negative,1.00E+17,Wed Oct 19 05:47:18 +0000 2011,I am sorry to hear about your luggage. 
easyjet,negative,1.00E+17,Wed Oct 19 05:46:54 +0000 2011, I am sorry that your flight was delayed. 
easyjet,positive,1.00E+17,Wed Oct 19 05:46:32 +0000 2011,Bravo @easyJet for smooth 45-minute flight #travel #flying #fun 
easyjet,negative,1.00E+17,Wed Oct 19 05:46:25 +0000 2011,Ryanair and EasyJet have probably already put their prices up
easyjet,positive,1.00E+17,Wed Oct 19 05:45:56 +0000 2011,Thanks to @easyJet's Flight Ops team for a stimulating day exploring how to run an agile innovative culture
easyjet,positive,1.00E+17,Wed Oct 19 05:42:57 +0000 2011, fabulous team onboard EZY6956 Friday 8 December with a special mention to Hannah who is a credit to you.
easyjet,negative,1.00E+17,Wed Oct 19 05:42:36 +0000 2011, So now we can not use a toilet because they made us late by not turning up. But we have had to sign the waiver
easyjet,negative,1.00E+17,Wed Oct 19 05:42:36 +0000 2011,Currently unavailable for holidays as it stands.
easyjet,negative,1.00E+17,Wed Oct 19 05:42:35 +0000 2011,I am so sorry that your flight has been cancelled
easyjet,negative,1.00E+17,Wed Oct 19 05:42:34 +0000 2011,#Easyjet the Airline that is Difficult to Deal With.  They do not pay when they are at fault.
easyjet,negative,1.00E+17,Wed Oct 19 05:42:20 +0000 2011,Why is it so impossible for an @easyJet flight to take off at the stated time?!
easyjet,negative,1.00E+17,Wed Oct 19 05:41:19 +0000 2011, That is the wrong flight try the one that was 7 hours late
easyjet,positive,1.00E+17,Wed Oct 19 05:40:24 +0000 2011, They have hired local buses to take passengers to Thessaloniki airport
easyjet,negative,1.00E+17,Wed Oct 19 05:40:21 +0000 2011, I do not accept #Easyjets good faith.  I will never fly #Easyjet again.
easyjet,positive,1.00E+17,Wed Oct 19 05:39:36 +0000 2011,Hope you get sorted brother take care stay safe
easyjet,positive,1.00E+17,Wed Oct 19 05:38:08 +0000 2011,very impressed @easyJet great friendly team
easyjet,negative,1.00E+17,Wed Oct 19 05:37:04 +0000 2011,Chap had a heart attack on flight home from #Edinburgh this morning.
easyjet,negative,1.00E+17,Wed Oct 19 05:36:22 +0000 2011,my flight is cancelled and no other flights out tomorrow. Got a refund but then could not find an alternative flight
easyjet,positive,1.00E+17,Wed Oct 19 05:35:51 +0000 2011,Luckily for you we have an @easyjet pilot sending us
easyjet,negative,1.00E+17,Wed Oct 19 05:34:22 +0000 2011,cancelling a flight and stranding us in Holland now we have to sit on a bus for 12 hours
easyjet,positive,1.00E+17,Wed Oct 19 05:33:02 +0000 2011,we have an easyJet Worldwide website which means that you can get an easyJet
easyjet,positive,1.00E+17,Wed Oct 19 05:33:02 +0000 2011,Welcome on board :-).
easyjet,positive,1.00E+17,Wed Oct 19 05:32:19 +0000 2011, We now have a flight of 300 pounds for two persons with veuling. Transport to the airport will cost 100 pounds
easyjet,negative,1.00E+17,Wed Oct 19 05:29:16 +0000 2011,Oh sorry I meant to say airport staff. As your flight is tomorrow you are not there.
easyjet,negative,1.00E+17,Wed Oct 19 05:28:57 +0000 2011,i am sorry to hear this. Any items that are found on board will be handed to the airports baggage service
easyjet,negative,1.00E+17,Wed Oct 19 22:34:52 +0000 2011,I am really sorry please see the application for a refund.
easyjet,negative,1.00E+17,Wed Oct 19 21:58:59 +0000 2011,flight has been cancelled and no other easyjet flights fly out tomorrow
easyjet,negative,1.00E+17,Wed Oct 19 21:11:43 +0000 2011,I am very sorry that your flight has been cancelled.
easyjet,negative,1.00E+17,Wed Oct 19 20:25:08 +0000 2011, sent email on Monday about damaged luggage with photos - no response
easyjet,negative,1.00E+17,Wed Oct 19 20:20:02 +0000 2011,Flight cancelled with @easyJet and trying to sort accommodation is a nightmare!!
easyjet,negative,1.00E+17,Wed Oct 19 20:00:32 +0000 2011,Fuck you
easyjet,negative,1.00E+17,Wed Oct 19 19:56:11 +0000 2011,I have applied for a reimbursement for the delayed flight from Amsterdam to London Gatwick last night
easyjet,positive,1.00E+17,Wed Oct 19 19:54:49 +0000 2011,Amazing service @easyJet ! Thank you very much for the response
easyjet,positive,1.00E+17,Wed Oct 19 19:54:04 +0000 2011,Beautiful snowy day in action
easyjet,negative,1.00E+17,Wed Oct 19 19:54:03 +0000 2011,I am sorry your flight is delayed
easyjet,negative,1.00E+17,Wed Oct 19 19:41:22 +0000 2011,Broken radar on the plane. They admit their fault. Just will not pay cause no one making them pay
easyjet,negative,1.00E+17,Wed Oct 19 19:35:29 +0000 2011,It was cancelled due to broken radar on plane. 
easyjet,negative,1.00E+17,Wed Oct 19 19:30:37 +0000 2011, I tried a 3rd party web-based service. #easyjet refused to recognize it
easyjet,negative,1.00E+17,Wed Oct 19 19:29:04 +0000 2011, I got a notification saying a new update but when I opened the application there was no update!
easyjet,negative,1.00E+17,Wed Oct 19 18:52:55 +0000 2011, why have you cancelled on Wednesdays in January? Looks like I will have to switch to @Fly_Norwegian
easyjet,positive,1.00E+17,Wed Oct 19 18:51:13 +0000 2011, now hopefully we will be getting the money for the coach connecting train to Gatwick
easyjet,negative,1.00E+17,Wed Oct 19 18:50:07 +0000 2011,No help from easyjet chat. Ruined day out #easyjet
easyjet,negative,1.00E+17,Wed Oct 19 18:43:17 +0000 2011, After 8 hours spent at CDG missing our one time graduation with our families
easyjet,negative,1.00E+17,Wed Oct 19 18:24:08 +0000 2011,Sorry to hear about that.
easyjet,positive,1.00E+17,Wed Oct 19 18:08:12 +0000 2011, Great thanks
easyjet,negative,1.00E+17,Wed Oct 19 17:47:27 +0000 2011, Global warming  :(
easyjet,negative,1.00E+17,Wed Oct 19 17:44:19 +0000 2011,Very sorry about this. The reason we have to cancel your flight is due to the adverse weather
easyjet,positive,1.00E+17,Wed Oct 19 16:25:49 +0000 2011, hope you and Hayley have a lovely time
easyjet,negative,1.00E+17,Wed Oct 19 16:10:55 +0000 2011,Impossible to add a new luggage in the cargo hold. Flight in less than 24 hours
easyjet,negative,1.00E+17,Wed Oct 19 15:59:47 +0000 2011, u cancelled my flights and I am sad :(
easyjet,negative,1.00E+17,Wed Oct 19 15:56:55 +0000 2011,Sorry you have received this e-mail. 
easyjet,negative,1.00E+17,Wed Oct 19 15:44:39 +0000 2011,@easyJet been on the runway for half an hour after already waiting 40 minutes past departure. No communication! Absolute joke #easyjet
easyjet,negative,1.00E+17,Wed Oct 19 14:42:53 +0000 2011,I am very sorry that your flight has been cancelled.
easyjet,positive,1.00E+17,Wed Oct 19 23:32:40 +0000 2011,Hands Free is available at all airports but not at auto bag drops.
easyjet,negative,1.00E+17,Wed Oct 19 23:03:10 +0000 2011,Yes already emailed and no one has come back to me!
easyjet,positive,1.00E+17,Wed Oct 19 22:53:51 +0000 2011,the rescue better flight times and better prices!
easyjet,negative,1.00E+17,Wed Oct 19 22:44:31 +0000 2011,I am afraid this is not confirmed at the moment.
easyjet,positive,1.00E+17,Wed Oct 19 22:34:02 +0000 2011,Just finished our flight with @easyJet... Ross on cabin crew was top class. Best service I have known
easyjet,negative,1.00E+17,Wed Oct 19 22:26:17 +0000 2011, why is tomorrow's flights from Amsterdam cancelled. Yet other flights to U.K. Remain on.
easyjet,positive,1.00E+17,Wed Oct 19 21:53:52 +0000 2011, Good question to which only the Airline
easyjet,negative,1.00E+17,Wed Oct 19 21:27:53 +0000 2011, No they will not. You should have changed flight and they would have reimbursed you
easyjet,negative,1.00E+17,Wed Oct 19 21:27:53 +0000 2011, Your staff at the gate cannot do it ? Maybe they need extra training  !
easyjet,negative,1.00E+17,Wed Oct 19 21:09:27 +0000 2011, Your accommodation and flight transfer portals are down for cancelled flights
easyjet,negative,1.00E+17,Wed Oct 19 20:56:46 +0000 2011, But the mobile application is not working and has not been for an hour
easyjet,negative,1.00E+17,Wed Oct 19 20:54:14 +0000 2011, Call cancelled after waiting on hold for 30 minutes. Easyjet application and website not working.
easyjet,negative,1.00E+17,Wed Oct 19 20:49:47 +0000 2011, your website is down and I am not able to get in touch with you either via your website or phone.
easyjet,negative,1.00E+17,Wed Oct 19 20:34:13 +0000 2011, 2 hours later and still no website....
easyjet,negative,1.00E+17,Wed Oct 19 20:21:59 +0000 2011, I can not check my flight anymore. 
easyjet,negative,1.00E+17,Wed Oct 19 20:21:02 +0000 2011,I am very sorry that your flight was cancelled. You can request a refund for the cancelled flight via the application. 
easyjet,negative,1.00E+17,Wed Oct 19 20:16:47 +0000 2011, I am stuck in Amsterdam waiting for a call to say where I am staying. Both website and phone line are down really poor service
easyjet,negative,1.00E+17,Wed Oct 19 20:04:04 +0000 2011,flight now delayed by 3 hours?
easyjet,negative,1.00E+17,Wed Oct 19 19:53:39 +0000 2011,flight from SFX to AMS has been cancelled first flight is on Tuesday according to our travel agent.
easyjet,negative,1.00E+17,Wed Oct 19 19:51:13 +0000 2011, I direct message you and its been ignored for over an hour....
easyjet,negative,1.00E+17,Wed Oct 19 19:50:01 +0000 2011, Maybe work faster? We have been waiting 2 hours- after visiting the no-help desk in the airport.
easyjet,negative,1.00E+17,Wed Oct 19 19:40:58 +0000 2011, any updates on U2 8985? Website is down
easyjet,negative,1.00E+17,Wed Oct 19 19:38:50 +0000 2011, 47 minutes on the phone in Amsterdam. Ooooh the lost time!!!!!
easyjet,negative,1.00E+17,Wed Oct 19 19:38:50 +0000 2011, Will cancelled flights be rescheduled as our 3.20 flight to Geneva is showing as cancelled and we are getting no information
easyjet,negative,1.00E+17,Wed Oct 19 19:37:13 +0000 2011, Lousy costumer service no staff
easyjet,negative,1.00E+17,Wed Oct 19 19:23:54 +0000 2011, On the phone 53 minutes getting no where!!!!Website down and no information anywhere.This is not good enough!!!!!
easyjet,negative,1.00E+17,Wed Oct 19 19:17:55 +0000 2011, you cancelled our flight from Madrid to Luton and have now lost two of our guitars.  
easyjet,negative,1.00E+17,Wed Oct 19 18:45:39 +0000 2011, They never even left the airport
easyjet,negative,1.00E+17,Wed Oct 19 18:44:59 +0000 2011,Flight cancelled. Easyjet website down no one picking up the phone no response on easyjet or Facebook
easyjet,negative,1.00E+17,Wed Oct 19 18:43:44 +0000 2011,We need to sleep somewhere but can not get through on any avenue.  We have a pregnant passenger
easyjet,negative,1.00E+17,Wed Oct 19 18:28:36 +0000 2011, trying to contact and have been cut off 5 TIMES and online/app is not working! Have a flight today
easyjet,negative,1.00E+17,Wed Oct 19 18:14:43 +0000 2011, my bus is cancelled cannot reach Luton airport 
easyjet,negative,1.00E+17,Wed Oct 19 18:00:16 +0000 2011, Very very bad
easyjet,negative,1.00E+17,Wed Oct 19 17:58:18 +0000 2011,We are very sorry about all of the cancellations
easyjet,negative,1.00E+17,Wed Oct 19 17:50:15 +0000 2011,fix your portals! We need to book Accommodation and transfer Cancelled flights as soon as posible!
easyjet,negative,1.00E+17,Wed Oct 19 17:40:58 +0000 2011, your application is not working!!
easyjet,negative,1.00E+17,Wed Oct 19 17:04:30 +0000 2011, Your website is down I can not contact you over the phone and I just noticed my flight was booked
easyjet,negative,1.00E+17,Wed Oct 19 16:59:30 +0000 2011, They just ignored my tweet!
easyjet,negative,1.00E+17,Wed Oct 19 23:57:30 +0000 2011, Trying to apply for compensation but it is impossible
easyjet,negative,1.00E+17,Wed Oct 19 23:54:37 +0000 2011, there is no way we will make our flight - help!
easyjet,positive,1.00E+17,Wed Oct 19 23:54:11 +0000 2011,i feel you / hope you can make it to your destination soon
easyjet,negative,1.00E+17,Wed Oct 19 23:42:10 +0000 2011, None until Tuesday cannot get through to anyone
easyjet,negative,1.00E+17,Wed Oct 19 23:41:39 +0000 2011, Please please please do not cancel tomorrow mornings 07:15 flight from Southend to Amsterdam!
easyjet,negative,1.00E+17,Wed Oct 19 23:40:34 +0000 2011, this is what I see when using your application?!?!?!?! Embarrassing my arse. Get me home!
easyjet,negative,1.00E+17,Wed Oct 19 23:40:27 +0000 2011, Stranded at Luton airport can not reach the website and application sends me to the website... Want to go home...
easyjet,negative,1.00E+17,Wed Oct 19 23:35:07 +0000 2011, you have cancelled my flight but the manage disruption page you have sent me to does not work
easyjet,positive,1.00E+17,Wed Oct 19 23:34:48 +0000 2011,Kudos to our #Easyjet pilot for coming out into the cabin to explain personally why we are delayed 45 minutes - shows qualityÄ__
easyjet,negative,1.00E+17,Wed Oct 19 23:32:56 +0000 2011, bloody inconvenient the way they left your luggage too. should be ashamed of themselves !
easyjet,negative,1.00E+17,Wed Oct 19 23:30:14 +0000 2011,we do not have. Flight cancelled . All rebooked by application with no human contact
easyjet,negative,1.00E+17,Wed Oct 19 23:24:20 +0000 2011, We have sms saying our flight from Geneve to Bcn is cancelled. Why? Website not working 
easyjet,negative,1.00E+17,Wed Oct 19 23:22:05 +0000 2011, That is the problem the application is not working
easyjet,positive,1.00E+17,Wed Oct 19 23:16:29 +0000 2011,Take advantage of this great deal and take you and your loved ones
easyjet,negative,1.00E+17,Wed Oct 19 23:11:17 +0000 2011, what a joke. Delayed flight despite gate saying on time no one at the customer service desk in hamburg
easyjet,negative,1.00E+17,Wed Oct 19 23:10:22 +0000 2011,i would not bother with the application. That is not working either! on hold for 20 minutes at 2p a min. LOL
easyjet,negative,1.00E+17,Wed Oct 19 23:10:16 +0000 2011, Your application portal is down too there is no way to rebook
easyjet,negative,1.00E+17,Wed Oct 19 23:09:45 +0000 2011, my flight today was cancelled and neither the website nor the application work for me to reschedule my tickets 
easyjet,negative,1.00E+17,Wed Oct 19 23:08:38 +0000 2011, Our flight from Amsterdam to London has been cancelled and you have referred us to your website to rearrange
easyjet,negative,1.00E+17,Wed Oct 19 23:03:24 +0000 2011,I have been patient till now
easyjet,negative,1.00E+17,Wed Oct 19 23:01:04 +0000 2011, the application does not appear to be working either
easyjet,negative,1.00E+17,Wed Oct 19 23:01:01 +0000 2011, please get some employees that actually understand the concept of customer service because these people are rude as hell
easyjet,negative,1.00E+17,Wed Oct 19 23:01:00 +0000 2011,Flight cancelled and @easyJet website down so no information 
easyjet,negative,1.00E+17,Wed Oct 19 22:55:04 +0000 2011,stuck in salzburg. Freezing cold and broken application so can not book a hotel. 
easyjet,negative,1.00E+17,Wed Oct 19 22:51:46 +0000 2011,STN_Airport paid for parking but flight with @easyJet now cancelled 
easyjet,negative,1.00E+17,Wed Oct 19 22:49:29 +0000 2011,I have been waiting for someone to call regarding hotel room after ezy2001 Luton to Marsailles got cancelled
easyjet,negative,1.00E+17,Wed Oct 19 22:47:57 +0000 2011, I am stranded in Amsterdam for 2 days todays flight cancelled your website is down no where to sleep tomorrow night
easyjet,negative,1.00E+17,Wed Oct 19 22:46:59 +0000 2011, Never mind the thousands of people stranded right now who are being told to manage their own bookings
easyjet,negative,1.00E+17,Wed Oct 19 22:40:46 +0000 2011,I have been holding on the phone for 1 hour now! Flight has been cancelled and the application is not allowing me to transfer
easyjet,negative,1.00E+17,Wed Oct 19 22:40:20 +0000 2011,i am sorry that your flight has been cancelled. You should be able to transfer to a new flight
easyjet,positive,1.00E+17,Wed Oct 19 22:40:20 +0000 2011,Excellent flight genuinely warm and laugh out loud
easyjet,positive,1.00E+17,Wed Oct 19 22:36:33 +0000 2011,I am really glad to hear that you have managed to get things sorted. Thank you for being so understand
easyjet,negative,1.00E+17,Wed Oct 19 22:35:05 +0000 2011, anybody there? #poor customer service
easyjet,negative,1.00E+17,Wed Oct 19 22:27:16 +0000 2011,Referring to a non working site is not cutting it.
easyjet,negative,1.00E+17,Wed Oct 19 22:21:22 +0000 2011, your website is down you will not answer the phone our flight in cancelled_
easyjet,negative,1.00E+17,Wed Oct 19 22:18:58 +0000 2011, I want a refund of my speedy boarding please as it was not.
easyjet,positive,1.00E+17,Wed Oct 19 22:00:30 +0000 2011,Thanks. I will take a look.
easyjet,negative,1.00E+17,Wed Oct 19 22:00:29 +0000 2011,I see you faced the same issue
easyjet,negative,1.00E+17,Wed Oct 19 23:46:30 +0000 2011,EasyJet Flight Makes Emergency Landing in Berlin
easyjet,negative,1.00E+17,Wed Oct 19 23:24:41 +0000 2011, 8/10 of all my @easyJet flights have been delayed. Absolute joke of an airline
easyjet,negative,1.00E+17,Wed Oct 19 23:21:44 +0000 2011, waiting for my flight No one here to update waiting customers delayed by 1 hour 30 minutes
easyjet,negative,1.00E+17,Wed Oct 19 22:59:13 +0000 2011,Its a shame your policy is not customer friendly under extraordinary circumstances
easyjet,negative,1.00E+17,Wed Oct 19 22:50:47 +0000 2011, trying to change flight website throwing me out spoke on chat i am told need to call at my expense from Spain not good enough
easyjet,negative,1.00E+17,Wed Oct 19 22:38:46 +0000 2011,#Easyjet i am sorry but it is over .I have moved on whilst you are still an immature selfish airline.
easyjet,negative,1.00E+17,Wed Oct 19 22:37:00 +0000 2011, Always complaining
easyjet,negative,1.00E+17,Wed Oct 19 22:30:32 +0000 2011,delayed on my flight to leave! Beyond annoyed just want to get home
easyjet,positive,1.00E+17,Wed Oct 19 22:27:49 +0000 2011,Arrived fine at Gatwick and just about to board @easyJet for Milano
easyjet,negative,1.00E+17,Wed Oct 19 22:26:48 +0000 2011, oh no hope soon!!
easyjet,positive,1.00E+17,Wed Oct 19 22:24:28 +0000 2011,Great flight to pick up daughter. #easyjet
easyjet,positive,1.00E+17,Wed Oct 19 22:24:03 +0000 2011, Safe journey xxx
easyjet,negative,1.00E+17,Wed Oct 19 22:06:03 +0000 2011,Oh and room is unheated and @easyJet inward plane is late!!
easyjet,positive,1.00E+17,Wed Oct 19 21:51:25 +0000 2011,easyJet reveals first new destinations from Bordeaux base
easyjet,positive,1.00E+17,Wed Oct 19 21:41:30 +0000 2011,Thanks. I have checked and your claim has been received by our French customer service team
easyjet,negative,1.00E+17,Wed Oct 19 21:40:40 +0000 2011,I am sorry Michael the name on the booking must match the name on the passport. 
easyjet,positive,1.00E+17,Wed Oct 19 21:40:05 +0000 2011,Ready to fly back to London #easyjet
easyjet,negative,1.00E+17,Wed Oct 19 21:40:04 +0000 2011, I am afraid the link you sent me does not work and the application is still failing
easyjet,negative,1.00E+17,Wed Oct 19 21:33:46 +0000 2011,It is outrageous what happens at the Luton airport no information children without food flight or hotel
easyjet,positive,1.00E+17,Wed Oct 19 21:25:05 +0000 2011, Brilliant crew special mention to Ross the  crew manager.
easyjet,negative,1.00E+17,Wed Oct 19 21:20:57 +0000 2011,Today @easyJet has been one of the worst experiences of my life. They canceled my flight (and my 2 children).
easyjet,positive,1.00E+17,Thu Oct 20 04:52:18 +0000 2011,The application website are now working
easyjet,positive,1.00E+17,Thu Oct 20 04:52:06 +0000 2011, Great to hear Lewis! Glad @easyJet are looking after you
easyjet,positive,1.00E+17,Thu Oct 20 04:51:23 +0000 2011, thank you very much for letting us board the 16:45 from Geneva. We arrived with seconds to spare!
easyjet,negative,1.00E+17,Thu Oct 20 04:50:32 +0000 2011,Supposed to fly in 10 minutes... Still no gate and no information.. no one around to talk to 
easyjet,negative,1.00E+17,Thu Oct 20 04:43:01 +0000 2011, online chat still unavailable and no contact number provided hence I am trying here.
easyjet,negative,1.00E+17,Thu Oct 20 04:37:23 +0000 2011,Flight cancelled and @easyJet website down so no information - presumably #uksnow to blame for it all again
easyjet,negative,1.00E+17,Thu Oct 20 04:29:47 +0000 2011,I am sorry that I could not get back to you in time 
easyjet,negative,1.00E+17,Thu Oct 20 04:27:38 +0000 2011, We are waiting in Geneva with no information!
easyjet,positive,1.00E+17,Thu Oct 20 04:27:02 +0000 2011,Interesting to note that @easyJet and @Ryanair seem to be running scheduled flights from Bologna
easyjet,negative,1.00E+17,Thu Oct 20 04:17:51 +0000 2011,Now it is a 2 hours delay.
easyjet,negative,1.00E+17,Thu Oct 20 04:13:43 +0000 2011,Due to large amounts of snowfall overnight in the UK some flights may be delayed or cancelled 
easyjet,negative,1.00E+17,Thu Oct 20 04:10:05 +0000 2011,1.5 hours and still waiting in the application-queue for  accommodation. Cancelled Luton flight was 18:30
easyjet,negative,1.00E+17,Thu Oct 20 03:58:51 +0000 2011,Surprise another problem with @easyJet  6.30 pm flights with no gates or explanation? No information anywhere
easyjet,negative,1.00E+17,Thu Oct 20 03:35:22 +0000 2011,"Father in law also ""locked-in"" - speaks no English no updates from #lutonairport"
easyjet,negative,1.00E+17,Thu Oct 20 03:34:26 +0000 2011,Sat on the tarmac for 3 hours have not even been offered a drink
easyjet,positive,1.00E+17,Thu Oct 20 03:28:58 +0000 2011, Oh good something to look forward to when we are done in this queue.
easyjet,negative,1.00E+17,Thu Oct 20 03:27:42 +0000 2011, It says details are not recognised
easyjet,negative,1.00E+17,Thu Oct 20 03:23:00 +0000 2011,now I am unable to find any information regard my refund
easyjet,negative,1.00E+17,Thu Oct 20 03:20:54 +0000 2011, the snow really affects easyJet services... our boarding pass - this is seriously a joke
easyjet,negative,1.00E+17,Thu Oct 20 03:19:26 +0000 2011, by the way your application is still not working. Convinced by now that you are doing this on purpose
easyjet,positive,1.00E+17,Thu Oct 20 03:13:12 +0000 2011, Safe travels.  
easyjet,negative,1.00E+17,Thu Oct 20 03:07:39 +0000 2011, my flight from Lyon to London Luton got cancelled. I applied for refund claimed accommodation but have not
easyjet,negative,1.00E+17,Thu Oct 20 04:50:30 +0000 2011, you are an absolute disgrace making passengers sit on a boiling hot flight for over 3 hours
easyjet,negative,1.00E+17,Thu Oct 20 04:50:23 +0000 2011, Your company must have the worst customer support of any business I have ever had the misfortune to require assistance from.
easyjet,negative,1.00E+17,Thu Oct 20 04:49:42 +0000 2011, No... shock
easyjet,negative,1.00E+17,Thu Oct 20 04:45:19 +0000 2011, Waited in line for absolutely nothing.
easyjet,negative,1.00E+17,Thu Oct 20 04:44:12 +0000 2011, no idea that people had been redirected. 
easyjet,positive,1.00E+17,Thu Oct 20 04:42:37 +0000 2011,Now the @easyJet captain is handing out sweets to anyone who comes near the cockpit!
easyjet,negative,1.00E+17,Thu Oct 20 04:32:50 +0000 2011,Awful assistance in both Airports.
easyjet,negative,1.00E+17,Thu Oct 20 04:32:34 +0000 2011,my mum's flight from Belfast-Stansted was cancelled at 10:55 this morning.
easyjet,negative,1.00E+17,Thu Oct 20 03:45:03 +0000 2011, just heard one of your flights at Luton to Edinburgh has been on the tarmac for 2.5 hours
easyjet,negative,1.00E+17,Thu Oct 20 03:37:43 +0000 2011, flight cancelled to #Edinburgh so getting the ferry to #Newcastle
easyjet,negative,1.00E+17,Thu Oct 20 03:24:51 +0000 2011,Just had the WORST experience with @easyJet flight cancelled and waited 12 hours
easyjet,positive,1.00E+17,Thu Oct 20 03:24:27 +0000 2011,You do not need a passport to fly within the UK. A driving license will be enough.
easyjet,negative,1.00E+17,Thu Oct 20 03:18:51 +0000 2011, I am sat on flight 1491 to Birmingham very delayed
easyjet,negative,1.00E+17,Thu Oct 20 04:53:01 +0000 2011,These airport beers are costing me a fortune.
easyjet,negative,1.00E+17,Thu Oct 20 04:52:27 +0000 2011,Snow disaster at Luton yesterday after been stuck at the airport for hours you guys cancelled out flight home
easyjet,negative,1.00E+17,Thu Oct 20 04:52:23 +0000 2011,  No announcement or update
easyjet,negative,1.00E+17,Thu Oct 20 04:51:59 +0000 2011,Ahhhhhh #Easyjet - sadly I am not surprised. I had a debacle flight with them a couple of years ago
easyjet,negative,1.00E+17,Thu Oct 20 04:51:23 +0000 2011, Its been just awful
easyjet,negative,1.00E+17,Thu Oct 20 04:50:11 +0000 2011,38 minutes and still waiting at @easyJet costumers service phone line
easyjet,negative,1.00E+17,Thu Oct 20 04:49:34 +0000 2011,the awful service and delays last night I want my money back for my flight
easyjet,negative,1.00E+17,Thu Oct 20 04:49:08 +0000 2011,no information following flight cancellation
easyjet,negative,1.00E+17,Thu Oct 20 04:48:50 +0000 2011,will not ever be using @easyJet again
easyjet,negative,1.00E+17,Thu Oct 20 04:48:38 +0000 2011,Stuck in Venice! Flights cancelled last night after hours and hours of waiting. No information. No humans. Very bad show
easyjet,negative,1.00E+17,Thu Oct 20 04:47:39 +0000 2011, Im missing my flight due to weather conditions.
easyjet,negative,1.00E+17,Thu Oct 20 04:47:02 +0000 2011,That is a lot of people with issues!
easyjet,negative,1.00E+17,Thu Oct 20 04:46:53 +0000 2011, So sorry to hear that! We have been stuck here 2 extra nights
easyjet,positive,1.00E+17,Thu Oct 20 04:45:25 +0000 2011,New easyJet destinations from Belfast could create up to 175 new jobs
easyjet,positive,1.00E+17,Thu Oct 20 04:45:11 +0000 2011, at Liverpool have announced 3 new summer routes. AMAZING news!!! Take a look and get booking.
easyjet,negative,1.00E+17,Thu Oct 20 04:44:47 +0000 2011, cancelling our flight
easyjet,negative,1.00E+17,Thu Oct 20 04:43:56 +0000 2011, My flight to Schipol Amsterdam was cancelled on Sunday afternoon from Liverpool airport whilst in the terminal
easyjet,positive,1.00E+17,Thu Oct 20 04:43:30 +0000 2011, Yes the flights were fine yesterday
easyjet,positive,1.00E+17,Thu Oct 20 04:43:14 +0000 2011,We are happy to announce that a new destination will be added to the already extensive network
easyjet,negative,1.00E+17,Thu Oct 20 04:42:14 +0000 2011,Our flight is late tonight with EasyJet
easyjet,positive,1.00E+17,Thu Oct 20 04:41:20 +0000 2011,Exceptional Service!
easyjet,positive,1.00E+17,Thu Oct 20 04:41:12 +0000 2011,Well done! Easyjet brings three new routes and new jobs to Liverpool airport
easyjet,positive,1.00E+17,Thu Oct 20 04:39:26 +0000 2011,@easyJet continues to invest in #Greece
easyjet,negative,1.00E+17,Thu Oct 20 04:39:00 +0000 2011,2 cancelled flights extra expenditure and massive hotel/transport bill
easyjet,negative,1.00E+17,Thu Oct 20 04:52:41 +0000 2011,2 flights cancelled from Paris to London. No one answering phones. No alternative offered.
easyjet,negative,1.00E+17,Thu Oct 20 04:52:22 +0000 2011, shamefully charging parents Ï2.99 per child for seat allocation. Should be included in the fare
easyjet,positive,1.00E+17,Thu Oct 20 04:49:48 +0000 2011,Good job Easyjet
easyjet,negative,1.00E+17,Thu Oct 20 04:48:54 +0000 2011, No calls answered and alternative flight offered two days later
easyjet,negative,1.00E+17,Thu Oct 20 04:48:41 +0000 2011, Still waiting want to get home
easyjet,negative,1.00E+17,Thu Oct 20 04:48:33 +0000 2011,we are extremely busy
easyjet,negative,1.00E+17,Thu Oct 20 04:47:43 +0000 2011,Another absolute shambles from @flybe
easyjet,positive,1.00E+17,Thu Oct 20 04:45:59 +0000 2011, Excellent service and 10 kgs cabin luggage allowed. Good flight time 
easyjet,negative,1.00E+17,Thu Oct 20 04:45:59 +0000 2011,really disappointing
easyjet,positive,1.00E+17,Thu Oct 20 04:45:03 +0000 2011, love the fact that heating was on full blast and staff sat at back for an hour to bring drinks round 
easyjet,positive,1.00E+17,Thu Oct 20 04:44:45 +0000 2011, hey over it. Pay like everyone else. Typical wants a free ride
easyjet,positive,1.00E+17,Thu Oct 20 04:44:40 +0000 2011, Enjoy the flight! 
easyjet,positive,1.00E+17,Thu Oct 20 04:44:32 +0000 2011, Yes I did best deal wasÏ110 for my times on your website
easyjet,positive,1.00E+17,Thu Oct 20 04:44:24 +0000 2011,credit where it is due thank you @easyJet for getting me safely and on time to Edinburgh and back to Gatwick
easyjet,positive,1.00E+17,Thu Oct 20 04:44:07 +0000 2011,We will look after your wheelchair I hope you have an amazing flight. : )
easyjet,negative,1.00E+17,Thu Oct 20 04:42:44 +0000 2011,What rude unhelpful staff at gate 13 tonight for the @easyJet flight
easyjet,negative,1.00E+17,Thu Oct 20 04:41:33 +0000 2011,I am really sorry you have been so inconvenienced.
easyjet,negative,1.00E+17,Thu Oct 20 04:41:32 +0000 2011, we lost our special pink monkey at Belfast
easyjet,negative,1.00E+17,Thu Oct 20 04:41:17 +0000 2011,I am an idiot. 
easyjet,positive,1.00E+17,Thu Oct 20 04:40:47 +0000 2011, Lucky you!
easyjet,negative,1.00E+17,Thu Oct 20 04:40:08 +0000 2011,cancelling my flight and giving absolutely zero support.
easyjet,positive,1.00E+17,Thu Oct 20 04:39:35 +0000 2011, It works fine
easyjet,negative,1.00E+17,Thu Oct 20 04:39:06 +0000 2011,#easyjet has emergency
easyjet,negative,1.00E+17,Thu Oct 20 04:38:47 +0000 2011, I have waited over a month for an inflight purchase refund and heard nothing
easyjet,positive,1.00E+17,Thu Oct 20 04:41:02 +0000 2011,EasyJet wins unconditional EU approval to buy Air Berlin assets
easyjet,positive,1.00E+17,Thu Oct 20 04:40:56 +0000 2011,easyJet announces the launch of new flights to Croatia for the summer
easyjet,positive,1.00E+17,Thu Oct 20 04:40:47 +0000 2011,EasyJet has today announced it will operate 3 new routes in 2018 from Liverpool John Lennon Airport
easyjet,positive,1.00E+17,Thu Oct 20 04:40:39 +0000 2011,You Might Be Able to Fly on an Electric Plane Within the Next Decade
easyjet,negative,1.00E+17,Thu Oct 20 04:40:37 +0000 2011,no reply
easyjet,negative,1.00E+17,Thu Oct 20 04:39:30 +0000 2011,Yeah they are terrible. They treat their passengers and their crew horribly.
easyjet,negative,1.00E+17,Thu Oct 20 04:39:07 +0000 2011,My sincere apologies to those sat in the proximity of myself on that easyJet flight
easyjet,positive,1.00E+17,Thu Oct 20 04:40:47 +0000 2011,EasyJet adds more regional flights for summer 2018
easyjet,positive,1.00E+17,Thu Oct 20 04:40:39 +0000 2011,Over the moon with the news of a direct route home: Belfast - Valencia 
easyjet,negative,1.00E+17,Thu Oct 20 04:40:08 +0000 2011,Oh nooo. Anything I can do to help
easyjet,positive,1.00E+17,Thu Oct 20 04:39:35 +0000 2011, Yes... its all good   superior miss   !!
easyjet,negative,1.00E+17,Thu Oct 20 04:39:30 +0000 2011,Application blaming congestion pilot blaming side winds @easyjet you are #fake news! Either way plane's an hour late so I will miss the last train
easyjet,positive,1.00E+17,Thu Oct 20 04:39:06 +0000 2011, Yep! I am excited!!
easyjet,negative,1.00E+17,Thu Oct 20 04:38:47 +0000 2011,8 hour delay with @easyJet. Finally decided to give them another chance and delayed once more
easyjet,positive,1.00E+17,Thu Oct 20 04:37:34 +0000 2011,Hair straighteners will be allowed in hand luggage as long as they fit securely in your bag
easyjet,negative,1.00E+17,Thu Oct 20 04:40:47 +0000 2011,"no help from EasyJet, poor customer service."
easyjet,negative,1.00E+17,Thu Oct 20 04:40:28 +0000 2011, flight was cancelled and we have been stuck in Iceland until tonight.
easyjet,negative,1.00E+17,Thu Oct 20 04:40:08 +0000 2011,Stuck in Amsterdam.. flight cancelled yet nobody to pick up the phone
easyjet,negative,1.00E+17,Thu Oct 20 04:39:35 +0000 2011, no help to you. 
easyjet,negative,1.00E+17,Thu Oct 20 04:39:07 +0000 2011,UK flights delayed #flight delay
easyjet,negative,1.00E+17,Thu Oct 20 04:39:06 +0000 2011, 24 hour delay yesterday and could not even get a drink or snack on easy jet flight credit card machine not working
easyjet,negative,1.00E+17,Thu Oct 20 04:41:02 +0000 2011, Still waiting a response.......
easyjet,positive,1.00E+17,Thu Oct 20 04:40:56 +0000 2011,Big thank you to @easyJet
easyjet,negative,1.00E+17,Thu Oct 20 04:40:47 +0000 2011, eh your  shit
easyjet,positive,1.00E+17,Thu Oct 20 04:41:02 +0000 2011,An absolute pleasure to attend the @easyJet
easyjet,positive,1.00E+17,Thu Oct 20 04:40:56 +0000 2011,thank you to pilot  who spotted runway at was not clear and managed to take us back in the air. A safe landing after all!
easyjet,positive,1.00E+17,Thu Oct 20 04:40:47 +0000 2011, looks nice out the front windows
easyjet,positive,1.00E+17,Thu Oct 20 04:40:39 +0000 2011,Got to love a flight captain who's got jokes
easyjet,positive,1.00E+17,Thu Oct 20 04:40:37 +0000 2011, just want to say a huge thanks to your customer service. After landing yesterday and finding my case
easyjet,positive,1.00E+17,Thu Oct 20 04:40:28 +0000 2011, So excited to go in April!!!
easyjet,positive,1.00E+17,Thu Oct 20 04:39:30 +0000 2011,That will be some plane fare!
easyjet,negative,1.00E+17,Thu Oct 20 04:39:07 +0000 2011,Another day another delayed flight because of technical issues. No drinks voucher from @easyJet despite two hour delay
easyjet,positive,1.00E+17,Thu Oct 20 04:37:34 +0000 2011,I know It was all perfect until today.
easyjet,negative,1.00E+17,Thu Oct 20 04:37:33 +0000 2011,The lack of info at Prague airport is shocking...no wonder people get angry...we just need to know what is happening
easyjet,negative,1.00E+17,Thu Oct 20 04:40:47 +0000 2011,I am really sorry your plane was delayed on an earlier flight and has diverted to Munich
easyjet,negative,1.00E+17,Thu Oct 20 04:40:37 +0000 2011,never flying with your shitty airline again
easyjet,negative,1.00E+17,Thu Oct 20 04:40:28 +0000 2011,Furious EasyJet customer 'claims she was forced to sleep on the FLOOR at Glasgow airport
easyjet,negative,1.00E+17,Thu Oct 20 04:40:08 +0000 2011,Actually fuck easyJet and their one cabin bag
easyjet,negative,1.00E+17,Thu Oct 20 04:39:30 +0000 2011,Bad service arrived 2 hours late been waiting at the luggage belt for 45 minutes still nothing
easyjet,negative,1.00E+17,Thu Oct 20 04:41:02 +0000 2011, your handbag policy is simply ridiculous... 
easyjet,negative,1.00E+17,Thu Oct 20 04:40:39 +0000 2011,I am sorry your flight has been delayed due to a technical issue
easyjet,positive,1.00E+17,Thu Oct 20 04:40:37 +0000 2011,Thanks for the mention.  Glad you enjoyed the flight.
easyjet,negative,1.00E+17,Thu Oct 20 04:39:35 +0000 2011, flight  delayed to 20:35 and no one around to assist.
easyjet,negative,1.00E+17,Thu Oct 20 04:38:47 +0000 2011,delayed 3 hours 10 minutes. No staff seen or announcements
easyjet,positive,1.00E+17,Thu Oct 20 04:41:02 +0000 2011,Have fun
easyjet,positive,1.00E+17,Thu Oct 20 04:40:39 +0000 2011, Replied 
easyjet,negative,1.00E+17,Thu Oct 20 04:39:30 +0000 2011,Wait 20 minutes. I doubt that very much. 
easyjet,negative,1.00E+17,Thu Oct 20 04:39:07 +0000 2011,So rude and abrupt.
easyjet,negative,1.00E+17,Thu Oct 20 04:39:06 +0000 2011,My flight is delayed because an aircraft is in the wrong place due to weather
easyjet,positive,1.00E+17,Thu Oct 20 04:38:47 +0000 2011,That is correct. Your return flight will still be fine
easyjet,negative,1.00E+17,Thu Oct 20 04:37:34 +0000 2011,Don not fly with easyjet
easyjet,negative,1.00E+17,Thu Oct 20 04:41:02 +0000 2011,Hate flying
easyjet,negative,1.00E+17,Thu Oct 20 04:40:39 +0000 2011,Not even a single update has been provided since then.
easyjet,negative,1.00E+17,Thu Oct 20 04:40:37 +0000 2011,We have checked been waiting 4 hours at the airport
easyjet,negative,1.00E+17,Thu Oct 20 04:40:08 +0000 2011, why am I currently delayed 3 hours with no announcement or update
easyjet,positive,1.00E+17,Thu Oct 20 04:39:35 +0000 2011,The easyJet airport transfer van does as well.
easyjet,negative,1.00E+17,Thu Oct 20 04:39:06 +0000 2011,delayed two hours so far and your last communication was 3 hours ago.
easyjet,positive,1.00E+17,Thu Oct 20 04:38:47 +0000 2011,too good to be true.
easyjet,negative,1.00E+17,Thu Oct 20 04:37:34 +0000 2011,EasyJet passengers 'forced to sleep on the floor'
easyjet,positive,1.00E+17,Thu Oct 20 04:41:02 +0000 2011,it is cheap
easyjet,positive,1.00E+17,Thu Oct 20 04:40:56 +0000 2011, Just kidding just found it! Thank you!
easyjet,positive,1.00E+17,Thu Oct 20 04:40:28 +0000 2011,If it fits in your hold bag then sure. No problem with that.
easyjet,negative,1.00E+17,Thu Oct 20 04:39:35 +0000 2011,Stuck in Geneva waiting for my flight that is been delayed by nearly 5 hours!!
easyjet,negative,1.00E+17,Thu Oct 20 04:39:07 +0000 2011,I hate @easyJet!
easyjet,positive,1.00E+17,Thu Oct 20 04:39:06 +0000 2011, Thank you very much for your lovely feedback that is really nice of you. We appreciate it.
easyjet,negative,1.00E+17,Thu Oct 20 04:41:02 +0000 2011, lost property in a flight from Gatwick to Madrid
easyjet,negative,1.00E+17,Thu Oct 20 04:41:02 +0000 2011, So delay is massive. Too much!
easyjet,negative,1.00E+17,Thu Oct 20 04:40:39 +0000 2011,2 hours 44 minute delay so we do not even get compensation. You are disgusting. Fly week in week out get fuck all back
easyjet,negative,1.00E+17,Thu Oct 20 04:40:37 +0000 2011, I guess you were not flying from Geneva #always late
easyjet,negative,1.00E+17,Thu Oct 20 04:40:28 +0000 2011,That is so annoying
easyjet,positive,1.00E+17,Thu Oct 20 04:39:07 +0000 2011, Thanks i already answered
easyjet,negative,1.00E+17,Thu Oct 20 04:39:06 +0000 2011,Changed gate due to delay
easyjet,positive,1.00E+17,Thu Oct 20 04:41:02 +0000 2011,Glad to hear that and thanks for the mention.
easyjet,negative,1.00E+17,Thu Oct 20 04:40:56 +0000 2011, flight keeps getting more delayed Come on @easyJet
easyjet,negative,1.00E+17,Thu Oct 20 04:40:47 +0000 2011, I have delayed/lost baggage.
easyjet,negative,1.00E+17,Thu Oct 20 04:40:39 +0000 2011,#easyjet It seems easyjet refuses me to fill in the reclaim form. The form refuses to accept the flight number
easyjet,positive,1.00E+17,Thu Oct 20 04:39:30 +0000 2011,Really appreciate it
easyjet,positive,1.00E+17,Thu Oct 20 04:39:06 +0000 2011,I really like easyJet's privacy policy explanation video
easyjet,negative,1.00E+17,Thu Oct 20 04:40:56 +0000 2011,ANOTHER BLOODY GATWICK NOISY JET RACKET 
easyjet,positive,1.00E+17,Thu Oct 20 04:40:47 +0000 2011,Now there is an airline you can trust!
easyjet,positive,1.00E+17,Thu Oct 20 04:40:37 +0000 2011,easyJet's Cabin Crew recruitment will continue and hopefully increase
easyjet,negative,1.00E+17,Thu Oct 20 04:40:08 +0000 2011,No information on this at present I am afraid.
easyjet,positive,1.00E+17,Thu Oct 20 04:39:35 +0000 2011,To be fair @easyJet have one of the best records for #punctuality and #reliability of them
easyjet,positive,1.00E+17,Thu Oct 20 04:39:30 +0000 2011, Thanks!  I hope it is the same crew on the way home later!
easyjet,negative,1.00E+17,Thu Oct 20 04:39:06 +0000 2011,Panic stations!!!!!!! 
easyjet,positive,1.00E+17,Thu Oct 20 04:38:47 +0000 2011,Well done @easyJet
easyjet,positive,1.00E+17,Thu Oct 20 04:41:02 +0000 2011,Thanks Mr Pilot of @easyJet on this mornings 7am flight for calming passenger
easyjet,positive,1.00E+17,Thu Oct 20 04:40:56 +0000 2011,Found it exciting
easyjet,positive,1.00E+17,Thu Oct 20 04:40:28 +0000 2011,easyJet and Founders Factory accelerate more travel tech start-ups
easyjet,negative,1.00E+17,Thu Oct 20 04:40:08 +0000 2011, I did not unfortunately I demanded my money back after waiting 2 and half hours
easyjet,negative,1.00E+17,Thu Oct 20 04:39:35 +0000 2011, delay from Amsterdam on Sunday. I was reject for any compensation as it turned out to be 2 hours 55 minutes.
easyjet,negative,1.00E+17,Thu Oct 20 04:38:47 +0000 2011,just landed in #Edinburgh another delay with no explanation from @easyJet. Three weeks and 6 flights on the bounce delay
easyjet,negative,1.00E+17,Thu Oct 20 04:41:02 +0000 2011,When something goes wrong with easyjet expect the worst customer service ever
easyjet,negative,1.00E+17,Thu Oct 20 04:41:02 +0000 2011,Easyjet will not take any  responsibility #Disgusting Customer Service
easyjet,negative,1.00E+17,Thu Oct 20 04:40:47 +0000 2011, I have made over 50 phone calls and emails and still no further. The worst company I have ever had
easyjet,positive,1.00E+17,Thu Oct 20 04:40:37 +0000 2011,100 biggest risers: Easyjet (+4.15%)
easyjet,positive,1.00E+17,Thu Oct 20 04:39:35 +0000 2011,He is flying with easyJet the whole point is that it is cheap
easyjet,negative,1.00E+17,Thu Oct 20 04:39:07 +0000 2011,Second flight in a week with @easyJet second flight delayed once I have used my booked flights I #wont be using you again
easyjet,negative,1.00E+17,Thu Oct 20 04:39:06 +0000 2011,Lost bag. A final Fuck You from the world's worst airline the world's worst airport.
easyjet,positive,1.00E+17,Thu Oct 20 04:38:47 +0000 2011, I absolutely love you two
easyjet,positive,1.00E+17,Thu Oct 20 04:37:34 +0000 2011,We would like to say congratulations to easyJets Liverpool based operations and air crew who were awarded
easyjet,negative,1.00E+17,Thu Oct 20 04:41:02 +0000 2011,WHAT A SURPRISE ANOTHER FUCKING @EASYJET NOISYJET!
easyjet,negative,1.00E+17,Thu Oct 20 04:40:56 +0000 2011,been waiting an hour at baggage reclaim when we only had hand luggage but forced to check it in
easyjet,positive,1.00E+17,Thu Oct 20 04:40:56 +0000 2011,Great service from the cabin staff member of @easyJet who sent my forgetful husbands library book back
easyjet,negative,1.00E+17,Thu Oct 20 04:40:28 +0000 2011, worst customer experience / service in Europe. When will you step up you game and stop treating your customers
easyjet,negative,1.00E+17,Thu Oct 20 04:39:06 +0000 2011,Disgraceful service from @easyJet
easyjet,negative,1.00E+17,Thu Oct 20 04:38:47 +0000 2011,Updates of no use if they are wrong!
easyjet,negative,1.00E+17,Thu Oct 20 04:37:34 +0000 2011,Man booted from British Airways easyJet flights for wearing all of his clothes to avoid baggage fees allegedly
easyjet,negative,1.00E+17,Thu Oct 20 04:37:33 +0000 2011,We regret to inform you that your EasyJet flight has been delayed
easyjet,negative,1.00E+17,Thu Oct 20 04:40:56 +0000 2011,Stuck on the runway what a fucking joke  @easyJet already delayed
easyjet,negative,1.00E+17,Thu Oct 20 04:41:02 +0000 2011,This pilot is a joke.. stop talking mate nobody cares
easyjet,negative,1.00E+17,Thu Oct 20 04:40:56 +0000 2011,If one more person asks me for easyjet staff travel I am gonna scream!
easyjet,positive,1.00E+17,Thu Oct 20 04:40:47 +0000 2011,bravo again! 
easyjet,positive,1.00E+17,Thu Oct 20 04:40:39 +0000 2011,EasyJet customers can now organise a free pet sitter
easyjet,positive,1.00E+17,Thu Oct 20 04:40:28 +0000 2011,Opportunity!! Some February dates now available
easyjet,negative,1.00E+17,Thu Oct 20 04:40:08 +0000 2011,Imagine @easyJet delaying your flight and not even announcing it. Making you wait like sardines in a poorly ventilated airport
easyjet,negative,1.00E+17,Thu Oct 20 04:39:30 +0000 2011,Nowhere to get a drink either for the past couple of hours - not even water! Not great 
easyjet,negative,1.00E+17,Thu Oct 20 04:39:07 +0000 2011,we have been unable to find any staff handing out drinks vouchers nor find a place that is still open
easyjet,negative,1.00E+17,Thu Oct 20 04:39:06 +0000 2011,Every time we fly Easyjet we have hassle
easyjet,negative,1.00E+17,Thu Oct 20 04:38:47 +0000 2011,There are no no staff around. EasyJet or airport. Info desk has been empty since  8. It is ridiculous.
easyjet,positive,1.00E+17,Thu Oct 20 04:37:34 +0000 2011,lovely text messages from easyJet
easyjet,negative,1.00E+17,Thu Oct 20 04:37:33 +0000 2011,there are not any easyJet staff here and all the shops are shut.
easyjet,positive,1.00E+17,Thu Oct 20 04:41:02 +0000 2011, i love your airline service and i look forward to being on board again.
easyjet,positive,1.00E+17,Thu Oct 20 04:40:47 +0000 2011, It is incredible here!
easyjet,negative,1.00E+17,Thu Oct 20 04:40:39 +0000 2011,Flight now delayed by more than 3 hours. #easyjet
easyjet,positive,1.00E+17,Thu Oct 20 04:40:28 +0000 2011,Congratulations to Emma Ellison who won a pair of EasyJet return Flight tickets to a destination of her choice
easyjet,negative,1.00E+17,Thu Oct 20 04:39:30 +0000 2011,Unimpressed by todays airport evacuation due to false alarm.
easyjet,negative,1.00E+17,Thu Oct 20 04:39:06 +0000 2011,There are no @easyJet ground staff available in the whole Copenhagen Airport. What a joke.
easyjet,negative,1.00E+17,Thu Oct 20 04:38:47 +0000 2011,easyjet diverted my flight and they do not provide transportation or reimbursement
easyjet,negative,1.00E+17,Thu Oct 20 04:37:34 +0000 2011,Trying to find some staff at Copenhagen airport. All food outlets closing. Flight 3+ hours delayed with no information
easyjet,positive,1.00E+17,Thu Oct 20 04:41:02 +0000 2011,A huge thank you to the @easyJet standby crew who flew out to Berlin tonight to rescue flight EZY6238
easyjet,negative,1.00E+17,Thu Oct 20 04:40:56 +0000 2011,That is disappointing. Not taking checked in case.
easyjet,negative,1.00E+17,Thu Oct 20 04:40:39 +0000 2011,Fuck EasyJet for doing this.
easyjet,negative,1.00E+17,Thu Oct 20 04:40:28 +0000 2011, You cancelled my wife's flight refused to put her in a hotel or cover any travel and will not reimburse the flight
easyjet,negative,1.00E+17,Thu Oct 20 04:39:30 +0000 2011,Delayed flight then cancelled due to fog  No refunds no help towards travel
easyjet,positive,1.00E+17,Thu Oct 20 04:39:06 +0000 2011,View from my easyjet window earlier this evening on the way back home. Stunning lights!
easyjet,negative,1.00E+17,Thu Oct 20 04:38:47 +0000 2011, Flight delayed and @easyJet not responding to us
easyjet,negative,1.00E+17,Thu Oct 20 04:40:56 +0000 2011, hi I am stuck in Belfast off delayed with 11 month old baby and no car seat and no bag.
easyjet,negative,1.00E+17,Thu Oct 20 04:40:56 +0000 2011,I am sorry to hear about the flight cancellation and lack of support.
easyjet,positive,1.00E+17,Thu Oct 20 04:40:39 +0000 2011,I am usually a fan of @easyJet
easyjet,positive,1.00E+17,Thu Oct 20 04:40:08 +0000 2011,Fingers crossed all goes smoothly! 
easyjet,positive,1.00E+17,Thu Oct 20 04:39:06 +0000 2011, Win a pair of return flights to any @Flybe destination from @Cardiff_Airport
easyjet,positive,1.00E+17,Thu Oct 20 04:38:47 +0000 2011, Enjoy your flight! 
easyjet,positive,1.00E+17,Thu Oct 20 04:37:34 +0000 2011,No place at home. Thank you @flybe for getting us home safe
easyjet,positive,1.00E+17,Thu Oct 20 04:37:33 +0000 2011,Thanks for being fast to reply on social media  but it would be better if FlyBe made clear in advance 
easyjet,positive,1.00E+17,Thu Oct 20 04:40:56 +0000 2011,Thanks for getting back to me so quickly!
easyjet,positive,1.00E+17,Thu Oct 20 04:41:02 +0000 2011,Perfect. Cheers
easyjet,positive,1.00E+17,Thu Oct 20 04:40:56 +0000 2011, Tickets are crazy cheap.
easyjet,positive,1.00E+17,Thu Oct 20 04:40:47 +0000 2011,Right... big thanks to all the customer service staff @flybe who have had to put up with my badgering them today
easyjet,positive,1.00E+17,Thu Oct 20 04:40:37 +0000 2011,Thanks. That was the kind of information I was looking for. Have a great day.
easyjet,positive,1.00E+17,Thu Oct 20 04:40:28 +0000 2011,Perfect  just wanted to be sure. Thanks for your efficiency!
easyjet,positive,1.00E+17,Thu Oct 20 04:40:08 +0000 2011,Crew found. Thanks for the swift response.
easyjet,positive,1.00E+17,Thu Oct 20 04:39:07 +0000 2011,Excellent transport links are a key reason why Doncaster is developing so well and will continue to grow
easyjet,positive,1.00E+17,Thu Oct 20 04:38:47 +0000 2011,We are off to Manchester to visit my beautiful granddaughter. Flybe are the best way to travel 
easyjet,positive,1.00E+17,Thu Oct 20 04:41:02 +0000 2011,staff in Glasgow airport very nice 
easyjet,positive,1.00E+17,Thu Oct 20 04:41:02 +0000 2011,Enjoying a coffee and lunch with voucher from flybe staff.
easyjet,positive,1.00E+17,Thu Oct 20 04:40:56 +0000 2011,Having some fun in the #FestiveFlybe snow globe before the Santa flight later on!
easyjet,negative,1.00E+17,Thu Oct 20 04:40:47 +0000 2011,Bumpy landing for Flybe plane packed with passengers during Storm Caroline 
easyjet,positive,1.00E+17,Thu Oct 20 04:40:39 +0000 2011,Alright cheers !!
easyjet,positive,1.00E+17,Thu Oct 20 04:40:37 +0000 2011,FLYBE REPORTS INCREASED DOMESTIC DEMAND FOR UPCOMING FESTIVE JETAWAY
easyjet,positive,1.00E+17,Thu Oct 20 04:40:28 +0000 2011,Cheers  I am well thanks
easyjet,positive,1.00E+17,Thu Oct 20 04:40:08 +0000 2011,Thanks to @flybe cabin crew  and wish us luck in the week
easyjet,positive,1.00E+17,Thu Oct 20 04:39:35 +0000 2011,"Wow fantastic prize many thanks to our main sponsor ""FLYBE"" once again they come up trumps!!"
easyjet,positive,1.00E+17,Thu Oct 20 04:39:30 +0000 2011,just seen what you did for the children with cancer today from Southampton. Very well done to you. 
easyjet,positive,1.00E+17,Thu Oct 20 04:39:06 +0000 2011, thanks @flybe and your fine crew
easyjet,positive,1.00E+17,Thu Oct 20 04:40:56 +0000 2011,Great photos! Winter is here. I hope you enjoyed your flight! 
easyjet,positive,1.00E+17,Thu Oct 20 04:41:02 +0000 2011,Awww no. Not flying until tomorrow morning. This looks cool
easyjet,positive,1.00E+17,Thu Oct 20 04:40:56 +0000 2011,That is no problem at all.
easyjet,positive,1.00E+17,Thu Oct 20 04:40:39 +0000 2011, That is no problem at all! Have a great flight! 
easyjet,positive,1.00E+17,Thu Oct 20 04:40:37 +0000 2011, Thanks for all your help
easyjet,positive,1.00E+17,Thu Oct 20 04:40:08 +0000 2011,It is really  really snowing... but thanks to all that is good in the world it looks like we are setting off
easyjet,positive,1.00E+17,Thu Oct 20 04:39:35 +0000 2011, Awesome  thanks
easyjet,positive,1.00E+17,Thu Oct 20 04:39:30 +0000 2011,thanks for showing interest in this route. I will check this for you  and get back in touch.
easyjet, positive,1.00E+17,Thu Oct 20 04:38:47 +0000 2011, I hope you enjoy your trip and have a lovely birthday
easyjet,positive,1.00E+17,Thu Oct 20 04:41:02 +0000 2011,Dear Flybe I want to go home right now please. Thank you
easyjet,positive,1.00E+17,Thu Oct 20 04:40:56 +0000 2011, Our thanks to @flybe #Southampton for taking a group of children from our Piam Brown children's cancer ward
easyjet,positive,1.00E+17,Thu Oct 20 04:41:02 +0000 2011, I can see you guys are doing a great job 
easyjet,positive,1.00E+17,Thu Oct 20 04:40:39 +0000 2011,I must say Sam is doing a fantastic job on the easyjet job people giving you on your toes but a excellent job
easyjet,positive,1.00E+17,Thu Oct 20 04:40:37 +0000 2011, No problem. I am glad you managed to find out
easyjet,positive,1.00E+17,Thu Oct 20 04:40:28 +0000 2011,The airport staff will find accommodation for the passengers who are booked onto the flight tomorrow
easyjet,positive,1.00E+17,Thu Oct 20 04:40:08 +0000 2011,as a vegan cabin crew member for flybe i would LOVE more vegan options!
easyjet,positive,1.00E+17,Thu Oct 20 04:39:07 +0000 2011, Thank you for your understanding :) 
easyjet,positive,1.00E+17,Thu Oct 20 04:38:47 +0000 2011,Check out our shiny new deicing rig in action today at @manairport for @flybe
easyjet,positive,1.00E+17,Thu Oct 20 04:37:34 +0000 2011,Great  thank you
easyjet,positive,1.00E+17,Thu Oct 20 04:37:33 +0000 2011, No problem  enjoy the rest of your evening! 
easyjet,positive,1.00E+17,Thu Oct 20 04:41:02 +0000 2011, I very much appreciate your concern and would like to assure you that our team at the airport
easyjet,positive,1.00E+17,Thu Oct 20 04:40:56 +0000 2011,Good luck getting home and safe journey home xx
easyjet,positive,1.00E+17,Thu Oct 20 04:40:56 +0000 2011, Glad to hear it . If Paul did not already recommend it  The Old Firehouse is one of my favourite place
easyjet,positive,1.00E+17,Thu Oct 20 04:40:47 +0000 2011,  Thanks for getting in touch with such kind words
easyjet,positive,1.00E+17,Thu Oct 20 04:40:39 +0000 2011, just wanted to praise your excellent Cabin Crew on the 8.30am flight
easyjet,positive,1.00E+17,Thu Oct 20 04:40:08 +0000 2011,well handled
easyjet,positive,1.00E+17,Thu Oct 20 04:39:30 +0000 2011, FlyBe were great for Paris. On time and easy to use. 
easyjet,positive,1.00E+17,Thu Oct 20 04:39:07 +0000 2011,Thank you to the team on this evenings. First class service. Much appreciated. #flybe
easyjet,positive,1.00E+17,Thu Oct 20 04:38:47 +0000 2011,Good work
easyjet,positive,1.00E+17,Thu Oct 20 04:37:33 +0000 2011, You are very welcome. Have a lovely rest of your evening
easyjet,positive,1.00E+17,Thu Oct 20 04:41:02 +0000 2011, We were pleased to welcome first passengers from #Manchester with #Flybe !  We wish you nice holidays 
easyjet,positive,1.00E+17,Thu Oct 20 04:40:56 +0000 2011, A great video from @flybe of the special flight last week where Santa boarded the plane to give presents to children on out
easyjet,positive,1.00E+17,Thu Oct 20 04:41:02 +0000 2011, Your plane is great
easyjet,positive,1.00E+17,Thu Oct 20 04:40:28 +0000 2011,Fantastic service Look forward to using this route again beats the M4 and Train
easyjet,positive,1.00E+17,Thu Oct 20 04:39:35 +0000 2011,had a good flight always a pleasant experience on the Q400
easyjet,positive,1.00E+17,Thu Oct 20 04:39:30 +0000 2011, I am glad you enjoyed your flight with us 
easyjet,positive,1.00E+17,Thu Oct 20 04:39:07 +0000 2011, thank you to your crew for a fabulous flight! Really friendly
easyjet,positive,1.00E+17,Thu Oct 20 04:39:06 +0000 2011, thank you for sending in these lovely images! I am glad 
easyjet,positive,1.00E+17,Thu Oct 20 04:38:47 +0000 2011,Great work 
easyjet,positive,1.00E+17,Thu Oct 20 04:37:34 +0000 2011,Yay! We actually managed to get one of the elusive cheese sandwiches on board our flight yesterday
easyjet,positive,1.00E+17,Thu Oct 20 04:40:56 +0000 2011, We would like to wish a very Merry Christmas and Happy New Year to all our fantastic students on Travel and Tourism
easyjet,positive,1.00E+17,Thu Oct 20 04:40:56 +0000 2011, I am pleased to hear it is working for you now.
easyjet,positive,1.00E+17,Thu Oct 20 04:40:39 +0000 2011,Great video hope you liked my local airport
easyjet,positive,1.00E+17,Thu Oct 20 04:40:37 +0000 2011,Thank you so much @flybe for your excellent customer service 
easyjet,positive,1.00E+17,Thu Oct 20 04:39:07 +0000 2011, No problem and thank you for your kind words. If you require any further information please do 
easyjet,positive,1.00E+17,Thu Oct 20 04:39:06 +0000 2011,Thank you for letting me know. Very quick response. Excellent customer service! :)
easyjet,positive,1.00E+17,Thu Oct 20 04:37:34 +0000 2011,Okay. Our passenger's health and safety is our number one priority
easyjet,positive,1.00E+17,Thu Oct 20 04:37:33 +0000 2011, Thank you for your kind words . I am glad the airport were able to sort this for her! 
easyjet,positive,1.00E+17,Thu Oct 20 04:40:56 +0000 2011,Thank you for the brilliant customer service demonstrated to my student daughter this Christmas!
easyjet,positive,1.00E+17,Thu Oct 20 04:40:56 +0000 2011,Done  thanks 
easyjet,positive,1.00E+17,Thu Oct 20 04:39:30 +0000 2011, I am glad to hear that you were able to check in at the airport 
easyjet,negative,1.00E+17,Thu Oct 20 04:40:39 +0000 2011, At Rome no information prior to getting here. Rude staff and two hour delay. None of your trackers show this information.
easyjet,positive,1.00E+17,Thu Oct 20 04:40:37 +0000 2011, Ok cheers pal!
easyjet,positive,1.00E+17,Thu Oct 20 04:40:08 +0000 2011, Thanks I booked easyjet quickly as there are a lot of people here with all AirFrance flight
easyjet,negative,1.00E+17,Thu Oct 20 04:39:07 +0000 2011,Disgusting customer service. Shame on you deleting comments
easyjet,negative,1.00E+17,Thu Oct 20 04:41:02 +0000 2011, Due to continued poor weather conditions some flights may be delayed or cancelled.
easyjet,negative,1.00E+17,Thu Oct 20 04:40:56 +0000 2011,The extremely rude and unhelpful employee @Gatwick_Airport is pictured. He said he did not work for @easyJet
easyjet,negative,1.00E+17,Thu Oct 20 04:41:02 +0000 2011, at the airport and flight ezy8355 is cancelled. Please update your website so I can book a hotel
easyjet,negative,1.00E+17,Thu Oct 20 04:40:47 +0000 2011,How is my flight now delayed by 2 hours 30 minutes???? Seems only easyJet flights are delayed
easyjet,negative,1.00E+17,Thu Oct 20 04:40:39 +0000 2011, get me home for fuck sake
easyjet,negative,1.00E+17,Thu Oct 20 04:40:37 +0000 2011, At least have your staff announce in airport and update the display system it is not really easy !
easyjet,positive,1.00E+17,Thu Oct 20 04:40:08 +0000 2011, Excellent news!
easyjet,positive,1.00E+17,Thu Oct 20 04:39:35 +0000 2011,Very grateful to be taking off from Stansted this evening we feel very lucky. Big thanks to the @easyJet
easyjet,negative,1.00E+17,Thu Oct 20 04:39:30 +0000 2011,5 cancelled flights. YOU HAVING A LAUGH EASYJET
easyjet,negative,1.00E+17,Thu Oct 20 04:39:07 +0000 2011, Lack of information is terrible
easyjet,positive,1.00E+17,Thu Oct 20 04:38:47 +0000 2011, Hope everything works out for you. Have fun in Katerini. I also have relatives there too.
easyjet,negative,1.00E+17,Thu Oct 20 04:37:33 +0000 2011, Dog shit easyjet for you
easyjet,negative,1.00E+17,Thu Oct 20 04:40:56 +0000 2011, That is a joke.
easyjet,negative,1.00E+17,Thu Oct 20 04:41:02 +0000 2011,Seriously @easyJet ? Do not mind all the safety procedures but still sitting on tarmac 1.5 hours